fetchWidth,decodeWidth,numFetchBufferEntries,numRobEntries,numRasEntries,numIntPhysRegisters,numFpPhysRegisters,numLdqEntries,numStqEntries,maxBrCount,mem_issueWidth,int_issueWidth,fp_issueWidth,DCacheParams_nWays,DCacheParams_nMSHRs,DCacheParams_nTLBEntries,ICacheParams_nWays,ICacheParams_nTLBEntries,ICacheParams_fetchBytes,cycle,power,time
4 4 32 128 24 112 112 32 32 8 1 3 1 8 8 32 2 8 2,69559.0000,0.0842,44121.4466
4 1 40 64 32 112 112 8 8 8 1 3 1 8 8 32 2 32 2,75134.5000,0.0562,21225.4436
4 1 16 130 32 112 112 16 16 12 1 1 1 2 4 16 8 16 2,81519.0000,0.0612,21246.8989
4 1 16 128 16 112 112 16 16 16 2 4 2 4 2 16 4 32 2,78719.0000,0.0706,21337.1402
4 1 40 128 16 112 112 32 32 12 2 2 2 2 8 16 8 16 2,80690.5000,0.0698,21521.0324
4 1 32 130 16 112 112 16 16 20 1 3 1 8 2 16 8 16 2,75987.0000,0.0693,21526.2170
4 1 16 64 32 112 112 24 24 20 2 2 2 4 8 8 4 16 2,78729.5000,0.0721,21528.7800
4 1 35 64 16 112 112 16 16 12 1 3 1 2 8 16 2 16 2,80995.5000,0.0587,21552.0924
4 1 35 128 16 112 112 8 8 20 2 5 2 4 2 8 2 32 2,76127.0000,0.0735,21582.7928
4 1 40 130 24 112 112 16 16 16 1 2 1 8 2 32 4 32 2,76246.0000,0.0640,21618.7093
4 1 32 96 24 112 112 32 32 16 1 4 1 4 4 16 8 32 2,79046.0000,0.0680,21622.4731
4 1 32 64 24 112 112 16 16 12 2 2 2 8 8 32 2 8 2,78358.5000,0.0652,21680.8082
4 1 16 130 32 112 112 24 24 8 2 2 2 8 4 16 8 16 2,76695.0000,0.0668,21686.2043
4 1 8 130 24 112 112 24 24 20 2 2 2 8 8 16 8 16 2,75109.0000,0.0786,21728.6771
4 1 35 96 24 112 112 8 8 20 1 5 1 8 8 8 4 32 2,75131.0000,0.0703,21745.6429
4 1 40 96 32 112 112 32 32 8 1 3 1 4 4 8 2 8 2,80846.0000,0.0583,21756.9438
4 1 16 96 32 112 112 8 8 8 1 1 1 2 8 32 2 8 2,83918.5000,0.0544,21761.4833
4 1 24 130 32 112 112 24 24 16 1 2 1 2 2 8 4 8 2,79698.5000,0.0633,21775.3931
4 1 16 96 24 112 112 24 24 12 2 4 2 4 2 8 8 8 2,79444.0000,0.0678,21820.4240
4 1 8 96 16 112 112 8 8 16 2 2 2 4 2 8 2 8 2,79099.5000,0.0640,21824.5795
4 1 40 130 16 112 112 8 8 20 1 4 1 2 2 32 2 8 2,77725.5000,0.0665,21865.3463
4 1 40 64 24 112 112 16 16 20 1 2 1 2 2 16 2 8 2,78797.0000,0.0622,21900.2704
4 2 32 64 16 112 112 16 16 12 2 5 2 4 2 32 8 16 2,72628.0000,0.0717,28455.7160
4 2 8 128 16 112 112 16 16 20 1 5 1 2 2 16 2 16 2,75642.0000,0.0743,28500.4394
4 2 24 128 16 112 112 8 8 8 2 1 2 4 8 8 8 32 2,77444.5000,0.0648,28510.4952
4 2 24 64 24 112 112 24 24 20 1 5 1 4 2 16 2 16 2,73087.5000,0.0741,28538.3686
4 2 24 64 32 112 112 16 16 8 2 3 2 8 2 16 4 16 2,70934.0000,0.0656,28592.7117
4 2 8 128 16 112 112 24 24 16 2 4 2 8 4 16 8 8 2,69616.5000,0.0811,28602.2036
4 2 16 96 32 112 112 32 32 20 2 3 2 2 8 8 8 16 2,73089.0000,0.0827,28618.0188
4 2 8 32 16 112 112 32 32 20 1 5 1 8 4 16 8 16 2,72946.0000,0.0766,28626.4785
4 2 32 32 16 112 112 32 32 16 1 3 1 8 2 16 4 8 2,73032.0000,0.0696,28637.0923
4 2 40 130 16 112 112 24 24 8 1 1 1 8 8 8 8 32 2,71596.0000,0.0660,28652.0391
4 2 16 96 32 112 112 32 32 12 2 3 2 4 8 8 4 16 2,71097.0000,0.0742,28663.4965
4 2 32 130 16 112 112 16 16 20 1 4 1 4 4 8 4 16 2,72115.5000,0.0759,28671.2330
4 2 8 130 32 112 112 8 8 12 1 2 1 2 8 32 4 16 2,78578.5000,0.0626,28675.8163
4 2 40 32 16 112 112 32 32 12 1 2 1 4 4 16 8 32 2,75296.5000,0.1041,28697.5884
4 2 24 130 16 112 112 8 8 8 1 1 1 4 2 16 8 16 2,77904.5000,0.0587,28701.0719
4 2 32 130 24 112 112 8 8 8 2 5 2 2 2 32 2 32 2,77925.0000,0.0658,28722.6906
4 2 32 128 16 112 112 24 24 8 1 1 1 4 4 8 4 32 2,73328.0000,0.0621,28777.5906
4 2 24 32 32 112 112 8 8 16 2 1 2 4 2 16 8 8 2,77886.5000,0.0666,28799.6908
4 2 32 130 24 112 112 32 32 16 2 5 2 4 4 16 8 16 2,71602.5000,0.0834,28826.3175
4 2 32 64 32 112 112 8 8 12 1 5 1 2 2 16 8 32 2,78139.0000,0.0638,28827.5019
4 2 16 128 16 112 112 16 16 20 2 4 2 2 2 8 2 8 2,74947.0000,0.0779,28827.6379
4 2 8 128 24 112 112 16 16 20 2 4 2 8 2 8 8 16 2,70549.0000,0.0914,28879.2756
4 2 32 128 32 112 112 8 8 20 1 5 1 4 4 16 4 32 2,76090.0000,0.0746,28910.6900
4 2 8 64 32 112 112 8 8 20 1 3 1 4 2 8 4 32 2,76760.0000,0.0675,28913.1142
4 2 40 32 16 112 112 24 24 20 1 5 1 4 4 8 4 16 2,74932.5000,0.0731,28920.3499
4 2 40 64 16 112 112 24 24 16 2 4 2 2 4 16 8 16 2,73865.0000,0.0761,28929.1979
4 2 24 32 16 112 112 16 16 12 1 5 1 4 2 32 2 32 2,74873.0000,0.0622,28933.4300
4 2 40 128 16 112 112 8 8 12 2 5 2 2 4 16 2 8 2,77408.5000,0.0700,28946.7659
4 2 40 96 16 112 112 16 16 20 2 3 2 2 4 16 4 16 2,73732.5000,0.0769,28947.1733
4 2 32 96 32 112 112 16 16 8 2 3 2 8 4 16 2 8 2,70596.0000,0.0679,28961.1852
4 2 32 32 32 112 112 8 8 12 1 2 1 2 8 32 8 16 2,78760.0000,0.0610,28972.1422
4 2 8 96 32 112 112 32 32 8 1 5 1 8 2 8 8 32 2,71575.0000,0.0678,29028.4232
4 2 32 32 16 112 112 24 24 8 1 3 1 4 2 32 8 8 2,74952.5000,0.0603,29058.2823
4 2 16 130 24 112 112 16 16 16 1 5 1 2 4 8 4 32 2,73723.0000,0.0721,29059.8970
4 2 8 64 32 112 112 24 24 8 1 4 1 8 2 32 2 16 2,71550.0000,0.0621,29110.1344
4 2 32 32 16 112 112 8 8 12 1 3 1 2 2 16 2 8 2,79348.5000,0.0582,29197.4749
4 3 24 96 32 112 112 24 24 16 2 2 2 4 2 8 2 16 2,72710.5000,0.0798,35719.1082
4 3 24 96 24 112 112 32 32 12 1 2 1 4 4 8 8 8 2,71927.0000,0.0742,35764.5539
4 3 24 96 32 112 112 16 16 12 1 5 1 8 4 16 8 8 2,70098.5000,0.0740,35822.9733
4 3 24 96 16 112 112 8 8 20 1 4 1 4 2 32 8 32 2,75744.5000,0.0761,35863.5845
4 3 24 96 16 112 112 8 8 8 2 3 2 4 4 16 8 8 2,75558.5000,0.0738,35880.7743
4 3 24 96 32 112 112 24 24 16 2 5 2 8 2 16 2 16 2,69663.0000,0.0857,35887.8532
4 3 24 96 24 112 112 32 32 20 1 2 1 4 8 32 4 8 2,71644.5000,0.0844,35927.8685
4 3 24 96 24 112 112 32 32 20 2 4 2 2 8 32 4 16 2,73140.0000,0.0980,35946.2681
4 3 24 96 24 112 112 24 24 8 1 2 1 8 4 32 8 8 2,70289.0000,0.0682,35964.0865
4 3 24 96 32 112 112 8 8 16 1 4 1 2 2 16 2 32 2,77878.0000,0.0690,36010.0429
4 3 24 96 16 112 112 32 32 8 2 4 2 2 4 16 4 32 2,73409.5000,0.0811,36058.4342
4 3 24 96 32 112 112 24 24 12 1 2 1 8 2 32 2 16 2,70919.5000,0.0701,36133.3343
4 3 24 96 16 112 112 32 32 16 2 4 2 8 2 32 8 16 2,69617.5000,0.0940,36170.4386
4 3 24 96 16 112 112 32 32 12 1 2 1 8 8 16 8 16 2,69411.5000,0.0769,36178.3672
4 3 24 96 16 112 112 24 24 8 2 2 2 2 2 16 4 16 2,75211.5000,0.0696,36181.0206
4 3 24 96 16 112 112 32 32 12 1 2 1 8 8 16 8 16 2,69411.5000,0.0769,36186.4624
4 3 24 96 32 112 112 16 16 8 2 4 2 2 2 8 2 32 2,75070.0000,0.0751,36197.7740
4 3 24 96 16 112 112 32 32 12 1 2 1 8 4 8 4 8 2,69710.5000,0.0746,36231.2588
4 4 40 32 16 112 112 24 24 20 2 1 2 2 4 8 4 8 2,78586.5000,0.0880,42796.9266
4 4 8 64 24 112 112 8 8 16 2 2 2 2 8 16 2 32 2,79536.5000,0.0779,42931.2531
4 4 40 128 24 112 112 24 24 8 2 4 2 2 4 16 2 16 2,73324.0000,0.0791,42978.3239
4 4 40 32 16 112 112 32 32 8 2 4 2 2 2 32 4 16 2,77269.5000,0.0867,43021.0385
4 4 16 32 24 112 112 8 8 8 2 5 2 2 4 32 4 32 2,79071.5000,0.0690,43108.9549
4 4 8 128 24 112 112 8 8 12 1 3 1 4 4 32 2 32 2,77393.0000,0.0723,43128.3743
4 4 40 128 32 112 112 8 8 8 2 2 2 4 2 8 8 8 2,75810.0000,0.0711,43149.6583
4 4 40 96 16 112 112 8 8 12 2 1 2 8 2 32 8 8 2,75555.5000,0.0805,43160.0032
4 4 40 32 16 112 112 16 16 12 1 2 1 8 2 32 4 32 2,73448.0000,0.0714,43160.3662
4 4 8 32 24 112 112 32 32 16 2 5 2 8 8 8 4 8 2,79359.0000,0.1020,43174.7234
4 4 32 96 32 112 112 16 16 8 1 4 1 4 4 8 4 8 2,72004.0000,0.0716,43186.3198
4 4 32 128 24 112 112 24 24 12 1 3 1 4 8 16 8 32 2,71411.5000,0.0824,43192.2776
4 4 40 128 16 112 112 8 8 8 1 3 1 4 8 8 4 16 2,75300.0000,0.0686,43219.7675
4 4 40 64 32 112 112 8 8 8 1 5 1 8 8 32 2 32 2,73524.5000,0.0706,43295.0815
4 4 16 32 32 112 112 24 24 8 2 5 2 8 8 32 2 16 2,73617.0000,0.0793,43346.0830
4 4 8 128 16 112 112 16 16 12 1 1 1 8 2 8 8 16 2,72826.5000,0.0776,43365.3219
4 4 32 128 32 112 112 24 24 12 2 3 2 4 4 32 8 32 2,71011.0000,0.0863,43366.4921
4 4 32 64 24 112 112 16 16 12 1 3 1 2 8 8 2 8 2,73807.5000,0.0739,43434.8825
4 4 40 64 16 112 112 8 8 20 2 1 2 4 2 32 4 32 2,77702.5000,0.0853,43464.7369
4 4 40 96 32 112 112 24 24 8 2 1 2 2 8 16 2 16 2,74318.5000,0.0757,43499.0670
4 4 32 32 32 112 112 8 8 20 1 3 1 4 8 8 8 16 2,76218.0000,0.0825,43499.2014
4 4 16 96 16 112 112 8 8 20 1 3 1 8 4 8 4 32 2,73272.5000,0.0830,43527.8337
4 4 24 128 32 112 112 8 8 16 2 1 2 4 8 8 4 8 2,77329.0000,0.0817,43551.0849
4 4 24 64 24 112 112 24 24 12 1 2 1 8 8 16 2 32 2,69914.5000,0.0773,43602.9835
4 1 32 96 24 96 96 16 16 20 1 5 1 4 4 32 4 8 2,78646.0000,0.0675,21238.2341
4 1 8 32 16 96 96 8 8 12 1 4 1 4 2 8 2 16 2,76259.5000,0.0536,21358.4176
4 1 24 130 16 96 96 8 8 20 2 5 2 2 2 8 2 16 2,77543.5000,0.0702,21361.5079
4 1 8 128 24 96 96 8 8 12 2 2 2 4 2 16 4 8 2,79679.5000,0.0611,21362.5062
4 1 32 64 24 96 96 8 8 16 1 5 1 4 8 32 4 32 2,76734.0000,0.0631,21465.3765
4 1 16 32 16 96 96 24 24 16 1 3 1 4 2 32 2 16 2,78891.5000,0.0587,21466.2790
4 1 40 96 16 96 96 8 8 8 2 4 2 2 8 16 2 32 2,77911.5000,0.0602,21477.5305
4 1 8 32 16 96 96 16 16 12 2 3 2 8 4 8 2 16 2,77357.0000,0.0611,21495.1063
4 1 32 32 16 96 96 24 24 16 1 4 1 4 4 32 8 8 2,79104.5000,0.0625,21499.1982
4 1 40 64 16 96 96 32 32 20 2 4 2 8 8 16 4 32 2,77234.0000,0.0759,21504.2439
4 1 8 130 24 96 96 8 8 8 1 3 1 4 2 32 8 32 2,76272.5000,0.0556,21508.8228
4 1 40 96 16 96 96 8 8 8 2 5 2 8 8 32 8 16 2,74900.0000,0.0657,21544.3268
4 1 40 128 32 96 96 24 24 8 2 5 2 2 4 32 4 32 2,81274.0000,0.0654,21561.9975
4 1 16 32 24 96 96 24 24 16 1 5 1 8 2 32 4 32 2,76221.0000,0.0626,21570.3832
4 1 16 32 24 96 96 16 16 12 1 5 1 2 8 16 2 8 2,80832.5000,0.0581,21593.0942
4 1 8 96 32 96 96 16 16 12 1 5 1 2 2 16 4 8 2,80272.5000,0.0592,21594.7753
4 1 32 128 24 96 96 8 8 12 1 3 1 2 4 8 4 8 2,79543.5000,0.0580,21602.4824
4 1 35 96 32 96 96 32 32 8 2 5 2 8 2 8 8 16 2,76361.5000,0.0682,21608.6740
4 1 8 64 24 96 96 32 32 20 2 4 2 8 4 8 8 32 2,75716.0000,0.0751,21608.7638
4 1 40 128 24 96 96 24 24 16 1 1 1 2 2 32 8 8 2,81197.0000,0.0638,21656.7039
4 1 32 96 24 96 96 24 24 12 1 3 1 4 8 16 2 8 2,79944.0000,0.0606,21683.2900
4 1 35 130 16 96 96 8 8 20 1 5 1 2 2 16 4 16 2,77725.5000,0.0676,21704.4484
4 1 35 128 32 96 96 32 32 12 1 2 1 8 8 8 8 8 2,76271.0000,0.0653,21719.3690
4 1 40 96 16 96 96 24 24 8 1 5 1 8 2 16 8 16 2,76775.0000,0.0603,21780.7322
4 1 35 96 24 96 96 24 24 20 1 4 1 2 8 32 8 8 2,80151.0000,0.0691,21816.1914
4 1 32 32 32 96 96 24 24 12 2 2 2 2 2 16 2 8 2,79528.0000,0.0595,21878.4422
4 1 32 64 16 96 96 16 16 16 1 4 1 4 4 32 8 8 2,77502.0000,0.0625,21905.9312
4 1 35 64 32 96 96 24 24 8 1 5 1 2 4 32 4 8 2,80465.5000,0.0568,21928.2304
4 1 40 64 24 96 96 32 32 12 2 2 2 8 8 8 2 8 2,75355.0000,0.0672,21937.3298
4 2 24 96 32 96 96 24 24 20 2 4 2 2 8 8 2 8 2,73179.5000,0.0784,28522.3623
4 2 32 32 32 96 96 8 8 12 2 1 2 4 8 16 8 8 2,77707.0000,0.0639,28567.3135
4 2 24 32 16 96 96 32 32 8 2 1 2 2 2 8 4 16 2,77924.0000,0.0607,28609.3306
4 2 32 32 16 96 96 16 16 20 1 5 1 4 2 32 2 32 2,74786.5000,0.0688,28652.3962
4 2 24 96 16 96 96 8 8 20 1 2 1 2 4 32 2 32 2,78120.0000,0.0657,28656.1030
4 2 40 96 16 96 96 16 16 12 1 3 1 2 4 8 4 8 2,73881.0000,0.0630,28685.8886
4 2 40 32 32 96 96 8 8 20 2 5 2 4 2 16 2 32 2,76242.0000,0.0716,28705.4674
4 2 32 64 24 96 96 32 32 12 2 1 2 8 2 16 2 32 2,71476.5000,0.0696,28706.3206
4 2 24 128 24 96 96 16 16 16 2 3 2 8 8 32 4 32 2,70078.5000,0.0771,28744.5315
4 2 40 96 24 96 96 32 32 8 1 1 1 8 4 32 8 16 2,71623.0000,0.0639,28765.1149
4 2 8 130 32 96 96 32 32 16 1 2 1 4 4 8 8 16 2,72042.5000,0.0714,28783.2984
4 2 32 128 24 96 96 8 8 20 2 3 2 4 2 32 8 8 2,75989.5000,0.0754,28788.5187
4 2 32 64 16 96 96 32 32 20 1 1 1 2 2 8 2 32 2,76757.0000,0.0685,28792.7244
4 2 24 96 16 96 96 24 24 16 2 1 2 8 8 16 4 8 2,70634.0000,0.0748,28802.4095
4 2 8 130 32 96 96 8 8 16 2 5 2 2 4 16 4 16 2,77678.5000,0.0722,28809.8669
4 2 8 130 16 96 96 32 32 8 1 5 1 2 2 16 2 32 2,75765.0000,0.0655,28811.4038
4 2 40 130 16 96 96 8 8 12 2 5 2 2 2 32 2 8 2,77764.5000,0.0683,28815.0207
4 2 40 130 16 96 96 8 8 8 1 1 1 2 2 16 4 16 2,79645.5000,0.0559,28818.6674
4 2 32 96 24 96 96 16 16 8 1 5 1 2 2 16 8 32 2,75681.5000,0.0625,28855.6703
4 2 8 64 32 96 96 24 24 20 1 1 1 2 4 32 4 32 2,75212.0000,0.0673,28882.5523
4 2 32 32 16 96 96 32 32 16 2 1 2 8 8 16 4 8 2,73628.5000,0.0733,28913.8895
4 2 8 130 16 96 96 24 24 8 1 1 1 8 2 8 2 32 2,72425.0000,0.0606,28916.0414
4 2 24 130 24 96 96 8 8 20 2 1 2 4 4 32 8 32 2,77705.5000,0.0736,28921.7165
4 2 8 96 32 96 96 32 32 20 1 1 1 2 2 32 8 8 2,76679.0000,0.0708,28927.0042
4 2 24 64 16 96 96 24 24 20 1 5 1 8 8 32 4 16 2,69508.5000,0.0759,28963.7975
4 2 24 130 16 96 96 24 24 8 1 3 1 4 4 16 4 16 2,72406.0000,0.0623,28986.1612
4 2 24 96 24 96 96 8 8 12 1 5 1 2 2 8 4 32 2,78241.5000,0.0621,29020.0049
4 2 24 64 24 96 96 16 16 12 1 3 1 8 4 16 4 32 2,69986.5000,0.0633,29041.4712
4 2 16 64 16 96 96 24 24 20 2 2 2 2 4 8 2 8 2,74135.5000,0.0731,29057.4207
4 2 24 130 24 96 96 8 8 16 2 4 2 4 8 16 8 8 2,75619.0000,0.0749,29082.8245
4 3 24 96 32 96 96 8 8 20 1 4 1 2 8 32 4 32 2,77516.5000,0.0743,35677.3095
4 3 24 96 32 96 96 8 8 20 2 1 2 2 2 32 4 32 2,79183.5000,0.0740,35842.2438
4 3 24 96 16 96 96 32 32 12 2 2 2 2 4 8 4 8 2,73286.0000,0.0812,35860.9693
4 3 24 96 32 96 96 24 24 12 1 1 1 2 4 16 2 16 2,74729.0000,0.0668,35899.5932
4 3 24 96 32 96 96 8 8 8 1 4 1 4 2 8 4 32 2,75839.0000,0.0613,35936.7394
4 3 24 96 32 96 96 32 32 20 2 5 2 8 4 8 8 32 2,69010.5000,0.0998,35948.2180
4 3 24 96 16 96 96 16 16 12 2 2 2 2 2 32 8 16 2,75101.5000,0.0713,35979.1526
4 3 24 96 16 96 96 16 16 20 2 4 2 2 8 16 4 8 2,73369.0000,0.0837,35996.4122
4 3 24 96 16 96 96 24 24 8 1 4 1 2 8 32 8 8 2,74101.0000,0.0694,36078.9684
4 3 24 96 32 96 96 24 24 8 1 2 1 4 8 8 8 32 2,72053.5000,0.0675,36100.9766
4 3 24 96 16 96 96 32 32 20 2 2 2 4 4 16 8 8 2,71455.5000,0.0942,36276.6855
4 3 24 96 16 96 96 32 32 20 2 4 2 4 2 8 8 32 2,72656.0000,0.0963,36336.5737
4 4 40 96 32 96 96 32 32 8 2 5 2 4 2 16 4 16 2,73063.0000,0.0899,42776.4178
4 4 32 64 16 96 96 16 16 16 2 4 2 4 4 16 2 16 2,72204.5000,0.0837,42870.7476
4 4 16 96 16 96 96 16 16 16 1 3 1 8 2 32 2 32 2,70656.5000,0.0791,42936.0192
4 4 40 64 16 96 96 32 32 12 2 5 2 4 8 8 2 32 2,71623.5000,0.0955,42939.4313
4 4 32 128 24 96 96 32 32 20 1 1 1 2 8 8 8 16 2,73923.0000,0.1011,42944.4587
4 4 8 96 16 96 96 8 8 12 2 3 2 2 8 8 8 32 2,78802.5000,0.0764,42960.7101
4 4 16 96 24 96 96 24 24 12 1 3 1 2 2 32 2 16 2,75653.0000,0.0834,42977.4538
4 4 32 128 16 96 96 24 24 12 2 2 2 8 4 16 8 8 2,69105.5000,0.0859,43007.4726
4 4 32 96 32 96 96 16 16 20 1 4 1 4 2 16 2 32 2,73217.5000,0.0844,43034.6436
4 4 16 96 16 96 96 16 16 8 1 5 1 4 4 8 2 8 2,72241.0000,0.0708,43058.2666
4 4 16 96 24 96 96 8 8 8 2 2 2 4 4 32 4 16 2,76072.0000,0.0681,43063.9440
4 4 32 96 24 96 96 16 16 20 2 5 2 4 2 32 8 32 2,73121.0000,0.0935,43144.2734
4 4 16 96 16 96 96 8 8 20 2 3 2 8 8 16 8 16 2,73092.5000,0.0956,43161.2707
4 4 16 128 24 96 96 24 24 8 1 3 1 8 4 32 8 16 2,69510.0000,0.0759,43169.9957
4 4 40 64 24 96 96 24 24 16 2 4 2 8 8 16 8 8 2,69100.0000,0.0925,43187.9722
4 4 24 128 16 96 96 8 8 8 2 3 2 4 8 8 8 8 2,75463.0000,0.0797,43211.1332
4 4 16 64 32 96 96 16 16 8 2 5 2 2 2 16 2 8 2,75804.5000,0.0729,43215.3836
4 4 16 128 24 96 96 16 16 12 1 3 1 2 8 16 4 32 2,73329.5000,0.0757,43232.4664
4 4 32 32 24 96 96 16 16 8 2 4 2 8 2 16 4 16 2,72443.0000,0.0814,43247.1884
4 4 16 64 24 96 96 24 24 16 2 4 2 4 8 8 2 16 2,72157.0000,0.0874,43250.8813
4 4 40 64 32 96 96 24 24 12 2 1 2 2 4 32 2 16 2,74977.5000,0.0772,43276.3142
4 4 24 32 16 96 96 24 24 16 2 3 2 4 8 16 8 8 2,74679.5000,0.0852,43278.5576
4 4 16 128 16 96 96 32 32 12 2 5 2 8 2 16 4 8 2,69723.0000,0.0988,43282.0312
4 4 16 64 16 96 96 8 8 12 1 3 1 8 8 16 8 32 2,73157.0000,0.0728,43288.5308
4 4 16 64 24 96 96 32 32 12 1 5 1 4 2 8 2 16 2,73217.5000,0.0829,43328.2468
4 4 16 64 24 96 96 24 24 12 1 3 1 2 2 8 8 8 2,75803.0000,0.0743,43329.4146
4 4 32 128 32 96 96 32 32 8 2 1 2 4 8 16 2 8 2,72207.5000,0.0881,43360.9242
4 4 32 128 16 96 96 16 16 12 2 3 2 2 8 32 2 16 2,72965.5000,0.0803,43381.0288
4 4 8 128 32 96 96 16 16 12 1 3 1 2 8 32 2 32 2,74207.0000,0.0753,43405.8645
4 4 16 64 16 96 96 24 24 20 1 3 1 2 4 32 4 8 2,74348.5000,0.0846,43426.9598
4 4 8 96 24 96 96 16 16 20 2 3 2 8 4 16 8 32 2,72143.5000,0.0927,43455.4013
4 4 16 128 32 96 96 24 24 16 1 1 1 8 2 32 4 16 2,71460.0000,0.0819,43527.3825
4 4 16 96 32 96 96 32 32 8 1 1 1 4 2 16 4 8 2,74114.5000,0.0750,43599.4623
4 1 16 128 16 80 80 24 24 8 2 4 2 4 4 32 8 8 2,80409.5000,0.0645,21192.2561
4 1 32 96 24 80 80 32 32 8 1 2 1 4 8 8 2 32 2,80501.5000,0.0568,21272.1988
4 1 32 128 24 80 80 16 16 16 2 4 2 4 8 16 4 8 2,79152.5000,0.0685,21273.0490
4 1 35 32 24 80 80 24 24 20 2 4 2 8 2 8 8 8 2,75755.5000,0.0702,21319.7880
4 1 35 96 16 80 80 24 24 12 1 3 1 2 8 16 4 32 2,80701.5000,0.0591,21443.8696
4 1 24 130 32 80 80 16 16 12 2 1 2 4 4 16 8 32 2,80180.0000,0.0654,21472.9133
4 1 8 130 16 80 80 32 32 16 1 5 1 4 8 16 4 8 2,78403.5000,0.0678,21501.1348
4 1 16 32 24 80 80 8 8 16 2 3 2 2 4 32 8 32 2,78044.0000,0.0611,21504.9776
4 1 24 96 24 80 80 24 24 12 1 1 1 2 2 32 8 16 2,81197.0000,0.0576,21513.6127
4 1 35 128 32 80 80 8 8 20 2 3 2 2 4 16 4 32 2,77955.5000,0.0664,21542.4550
4 1 16 130 16 80 80 8 8 16 2 3 2 8 4 8 2 8 2,75151.5000,0.0660,21569.3492
4 1 16 96 24 80 80 24 24 12 2 4 2 4 2 32 2 16 2,79444.0000,0.0638,21577.3006
4 1 35 64 32 80 80 24 24 8 2 1 2 4 2 32 8 32 2,79843.5000,0.0596,21578.2733
4 1 24 128 24 80 80 8 8 12 2 2 2 4 2 32 4 8 2,79453.0000,0.0597,21582.8716
4 1 35 96 16 80 80 16 16 12 1 3 1 8 8 8 4 8 2,78160.0000,0.0593,21583.4933
4 1 32 128 24 80 80 24 24 20 2 1 2 4 4 16 2 16 2,80315.5000,0.0694,21591.7643
4 1 40 32 32 80 80 8 8 8 1 5 1 4 2 16 8 8 2,76384.0000,0.0537,21618.3461
4 1 32 32 32 80 80 32 32 20 1 2 1 8 8 16 2 16 2,76371.0000,0.0635,21630.5553
4 1 24 64 24 80 80 8 8 20 1 2 1 8 2 32 4 32 2,76023.5000,0.0592,21652.3928
4 1 32 130 32 80 80 8 8 12 1 2 1 4 4 32 8 16 2,80340.5000,0.0578,21654.5070
4 1 8 64 16 80 80 24 24 20 2 4 2 4 8 16 2 32 2,77631.0000,0.0690,21699.9721
4 1 16 64 32 80 80 16 16 20 1 2 1 4 4 16 2 8 2,78950.5000,0.0597,21708.0806
4 1 35 64 24 80 80 24 24 8 1 2 1 8 4 32 2 32 2,78048.5000,0.0541,21720.6610
4 1 24 96 32 80 80 8 8 20 2 3 2 2 2 16 8 8 2,77547.5000,0.0659,21747.5035
4 1 40 64 32 80 80 16 16 16 2 2 2 4 2 8 8 16 2,79096.5000,0.0630,21756.5553
4 1 35 130 16 80 80 24 24 20 1 2 1 8 8 16 2 16 2,76805.5000,0.0662,21813.2589
4 1 16 64 16 80 80 32 32 16 1 3 1 2 4 16 4 32 2,80569.0000,0.0603,21817.9974
4 1 40 32 32 80 80 32 32 16 2 1 2 8 8 16 4 8 2,79214.5000,0.0676,21961.6934
4 1 8 32 16 80 80 16 16 16 2 4 2 8 4 8 4 8 2,76293.0000,0.0645,21968.6207
4 1 40 128 24 80 80 16 16 20 2 3 2 4 8 32 4 32 2,78487.5000,0.0703,21985.0799
4 2 40 130 16 80 80 8 8 16 2 5 2 2 2 16 2 16 2,77764.5000,0.0703,28550.7105
4 2 24 32 24 80 80 16 16 12 1 5 1 8 4 8 8 8 2,72984.0000,0.0634,28620.8195
4 2 16 130 16 80 80 8 8 12 1 5 1 4 8 8 2 8 2,75976.5000,0.0643,28630.2722
4 2 24 32 32 80 80 24 24 8 1 3 1 4 2 32 8 16 2,75128.5000,0.0577,28659.7613
4 2 8 64 32 80 80 16 16 20 1 1 1 8 4 16 4 16 2,71827.5000,0.0656,28675.8489
4 2 8 64 24 80 80 8 8 12 1 2 1 2 8 32 8 16 2,78552.5000,0.0591,28680.7408
4 2 24 32 16 80 80 32 32 8 1 5 1 2 8 32 2 32 2,76675.5000,0.0617,28709.1364
4 2 24 130 32 80 80 16 16 20 2 1 2 8 8 16 2 16 2,71317.0000,0.0754,28744.4916
4 2 24 64 32 80 80 8 8 20 2 3 2 2 8 32 8 16 2,77916.0000,0.0712,28747.8436
4 2 40 32 24 80 80 16 16 12 1 1 1 4 4 32 4 16 2,76444.0000,0.0573,28759.7791
4 2 8 128 24 80 80 24 24 20 1 3 1 4 8 32 8 32 2,71766.5000,0.0736,28760.2220
4 2 16 64 24 80 80 24 24 12 2 4 2 4 2 8 8 16 2,72903.5000,0.0688,28790.9454
4 2 32 128 32 80 80 32 32 12 2 1 2 4 8 8 2 16 2,72407.5000,0.0701,28804.2147
4 2 24 130 16 80 80 16 16 12 1 1 1 8 2 8 4 32 2,72308.5000,0.0614,28807.9169
4 2 40 130 24 80 80 16 16 12 1 5 1 2 4 32 8 8 2,73726.0000,0.0678,28834.2276
4 2 16 128 24 80 80 8 8 8 2 2 2 2 8 32 2 32 2,77870.0000,0.0606,28848.0753
4 2 16 64 32 80 64 16 16 12 1 2 1 4 2 8 4 8 2,73558.0000,0.0586,28882.8148
4 2 8 130 32 80 80 16 16 20 1 3 1 4 8 32 4 32 2,72188.5000,0.0707,28887.9024
4 2 32 128 24 80 80 32 32 20 1 3 1 4 4 32 8 32 2,71564.5000,0.0744,28894.0451
4 2 8 64 24 80 80 24 24 12 1 1 1 8 8 8 8 8 2,71282.5000,0.0636,28900.5167
4 2 32 130 16 80 80 8 8 16 1 1 1 8 2 8 4 32 2,75583.5000,0.0624,28913.9379
4 2 40 64 24 80 80 32 32 20 1 1 1 2 8 16 2 16 2,74897.0000,0.0687,28973.9628
4 2 8 64 16 80 80 16 16 8 1 5 1 4 4 8 8 32 2,72493.0000,0.0609,29019.6171
4 2 24 32 24 80 80 32 32 12 1 2 1 2 2 8 4 32 2,77558.5000,0.0600,29026.1144
4 2 24 96 24 80 80 16 16 20 1 1 1 4 4 32 8 16 2,73751.5000,0.0670,29057.7257
4 2 32 96 32 80 80 32 32 16 1 1 1 2 4 16 2 16 2,74683.0000,0.0659,29066.8106
4 3 24 96 16 80 80 32 32 16 1 3 1 2 4 8 2 8 2,73657.0000,0.0753,35648.3211
4 3 24 96 32 80 80 16 16 12 2 4 2 2 2 16 4 32 2,75144.0000,0.0716,35655.2795
4 3 24 96 16 80 80 8 8 16 2 4 2 8 8 16 2 16 2,72873.0000,0.0757,35800.3308
4 3 24 96 24 80 80 32 32 16 1 2 1 2 4 8 2 32 2,73594.0000,0.0743,35874.4411
4 3 24 96 32 80 80 8 8 20 2 3 2 2 8 32 2 8 2,77277.5000,0.0759,35887.3321
4 3 24 96 24 80 80 32 32 20 2 4 2 4 8 16 2 16 2,70988.0000,0.0943,35943.4257
4 3 24 96 16 80 80 32 32 20 2 5 2 4 8 32 8 16 2,71053.0000,0.0975,35949.2242
4 3 24 96 16 80 80 32 32 8 1 4 1 8 2 32 8 16 2,70957.0000,0.0709,36101.8525
4 3 24 96 24 80 80 24 24 20 2 2 2 2 8 32 2 32 2,73345.5000,0.0819,36166.9018
4 3 24 96 32 80 80 16 16 16 2 4 2 8 2 16 8 16 2,70253.5000,0.0798,36176.6451
4 4 8 32 24 80 80 32 32 8 2 3 2 8 8 16 4 32 2,79165.5000,0.0846,42969.8966
4 4 40 64 32 80 80 32 32 8 2 4 2 8 8 16 2 16 2,69782.5000,0.0892,43030.5937
4 4 40 96 16 80 80 16 16 20 1 1 1 4 8 16 8 32 2,73158.0000,0.0831,43043.6320
4 4 40 128 32 80 80 24 24 20 2 2 2 4 4 8 4 32 2,71344.0000,0.0907,43104.6544
4 4 40 64 32 80 80 24 24 8 1 5 1 8 2 8 4 16 2,70656.0000,0.0728,43142.7426
4 4 24 64 24 80 80 8 8 20 2 1 2 8 4 8 2 32 2,75317.5000,0.0811,43180.4024
4 4 32 96 16 80 80 16 16 8 1 5 1 8 8 8 2 16 2,69775.5000,0.0736,43189.9493
4 4 16 32 32 80 80 32 32 8 2 1 2 8 8 16 4 16 2,75250.0000,0.0814,43197.4892
4 4 40 64 32 80 80 16 16 12 2 4 2 2 2 32 8 32 2,75641.0000,0.0772,43212.4911
4 4 24 64 24 80 80 32 32 8 2 1 2 2 2 8 8 16 2,76648.5000,0.0819,43253.6792
4 4 40 128 24 80 80 32 32 8 2 1 2 2 4 8 8 32 2,74418.5000,0.0863,43265.0201
4 4 40 64 24 80 80 32 32 8 1 2 1 8 2 32 8 16 2,70560.0000,0.0781,43274.4374
4 4 16 128 24 80 80 16 16 20 2 2 2 2 2 16 4 16 2,75548.5000,0.0846,43294.3456
4 4 8 32 32 80 80 8 8 20 2 1 2 8 2 32 8 8 2,80037.5000,0.0786,43305.4316
4 4 8 96 32 80 80 24 24 16 1 3 1 4 2 16 4 8 2,74161.5000,0.0791,43305.5581
4 4 40 64 24 80 80 8 8 12 2 3 2 8 4 16 8 32 2,73457.0000,0.0754,43315.5516
4 4 16 32 16 80 80 8 8 20 1 3 1 8 2 32 2 8 2,74592.0000,0.0745,43332.8510
4 4 8 96 16 80 80 24 24 16 1 3 1 8 2 32 4 16 2,71900.0000,0.0811,43347.1510
4 4 32 128 24 80 80 8 8 8 2 5 2 4 8 16 4 32 2,75314.0000,0.0801,43362.9192
4 4 32 32 32 80 80 24 24 16 1 1 1 4 8 8 2 32 2,76264.0000,0.0743,43398.1897
4 4 8 32 24 80 80 24 24 12 1 1 1 8 8 8 2 8 2,80945.5000,0.0703,43418.1031
4 4 40 32 32 80 80 8 8 16 2 4 2 4 8 32 8 32 2,75966.0000,0.0795,43422.2758
4 4 32 32 24 80 80 8 8 20 2 3 2 8 2 8 2 32 2,74335.0000,0.0807,43426.3312
4 4 24 32 16 80 80 32 32 20 1 2 1 2 8 16 2 32 2,76742.0000,0.0908,43446.2196
4 4 24 32 16 80 80 24 24 20 2 3 2 2 4 16 2 8 2,76799.0000,0.0840,43466.6982
4 4 24 128 32 80 80 16 16 12 2 3 2 8 2 8 2 8 2,70522.0000,0.0804,43614.2700
4 1 40 32 24 64 64 24 24 20 2 5 2 8 2 8 2 16 2,75755.5000,0.0640,21242.9331
4 1 32 130 16 64 64 16 16 8 2 2 2 4 2 16 2 8 2,80212.0000,0.0575,21363.5452
4 1 35 96 16 64 64 16 16 12 1 5 1 4 4 8 2 32 2,79397.0000,0.0576,21386.6071
4 1 35 130 24 64 64 32 32 20 2 3 2 4 8 32 4 32 2,78372.0000,0.0678,21387.5806
4 1 35 128 16 64 64 24 24 20 1 1 1 2 8 32 8 8 2,81279.0000,0.0610,21412.9393
4 1 35 32 16 64 64 16 16 12 1 3 1 4 8 16 4 32 2,79419.5000,0.0544,21465.0706
4 1 8 32 16 64 64 32 32 20 2 5 2 4 2 8 8 32 2,79237.5000,0.0638,21514.2391
4 1 24 96 24 64 64 16 16 16 2 2 2 2 8 16 4 16 2,79836.0000,0.0619,21529.2661
4 1 40 32 32 64 64 8 8 12 2 2 2 8 2 32 8 8 2,76481.0000,0.0578,21537.1003
4 1 32 130 16 64 64 32 32 12 2 4 2 2 4 16 8 8 2,80842.0000,0.0667,21554.7892
4 1 8 130 32 64 64 32 32 16 1 1 1 2 4 32 4 16 2,81365.0000,0.0607,21567.6186
4 1 32 32 24 64 64 24 24 20 1 1 1 4 4 16 8 8 2,80818.0000,0.0559,21626.5431
4 1 24 32 16 64 64 24 24 20 2 4 2 8 8 16 4 16 2,76291.5000,0.0647,21642.3555
4 1 32 32 24 64 64 8 8 8 1 1 1 4 4 8 8 16 2,82683.0000,0.0498,21651.2444
4 1 32 128 24 64 64 32 32 20 1 5 1 8 4 32 2 16 2,77471.0000,0.0648,21717.8664
4 1 16 32 32 64 64 16 16 8 2 2 2 2 8 8 4 16 2,81172.0000,0.0542,21842.0201
4 1 24 64 32 64 64 8 8 16 1 1 1 4 4 32 2 16 2,82680.0000,0.0539,21898.2226
4 1 24 128 24 64 64 24 24 12 1 4 1 8 2 16 2 16 2,76099.0000,0.0592,21977.0616
4 2 16 32 16 64 64 24 24 8 1 3 1 8 4 8 2 8 2,73078.5000,0.0563,28351.3033
4 2 16 64 32 64 64 8 8 16 2 1 2 8 8 32 4 16 2,75503.5000,0.0654,28457.2271
4 2 8 64 24 64 64 16 16 16 1 2 1 8 2 32 2 32 2,71545.5000,0.0607,28475.7608
4 2 24 96 16 64 64 32 32 16 1 1 1 4 4 32 4 8 2,73401.0000,0.0642,28626.6363
4 2 16 32 32 64 64 8 8 20 1 1 1 2 2 16 8 32 2,80117.5000,0.0587,28638.2197
4 2 8 64 16 64 64 16 16 16 1 2 1 8 2 32 2 32 2,71545.5000,0.0607,28658.6688
4 2 16 130 24 64 64 16 16 16 2 3 2 2 8 16 4 32 2,73522.0000,0.0701,28664.9189
4 2 24 64 24 64 64 16 16 12 2 1 2 4 8 32 4 32 2,73124.0000,0.0633,28666.1231
4 2 8 64 24 64 64 24 24 16 1 2 1 8 2 32 8 32 2,71098.0000,0.0641,28673.9376
4 2 16 128 16 64 64 8 8 8 2 1 2 4 2 32 2 32 2,77613.5000,0.0576,28733.7695
4 2 24 128 16 64 64 24 24 20 2 3 2 4 2 16 8 16 2,73085.5000,0.0750,28734.7211
4 2 8 64 24 64 64 24 24 16 1 2 1 8 2 32 4 32 2,71098.0000,0.0630,28774.3993
4 2 32 130 24 64 64 16 16 12 1 4 1 8 2 8 8 32 2,71182.5000,0.0650,28774.5398
4 2 40 130 16 64 64 16 16 12 2 3 2 8 2 8 2 32 2,70457.5000,0.0681,28803.2075
4 2 8 64 24 64 64 16 16 16 1 2 1 8 2 32 4 32 2,71545.5000,0.0613,28813.4522
4 2 40 96 16 64 64 32 32 20 1 4 1 8 4 8 2 8 2,69833.0000,0.0718,28814.6093
4 2 16 64 16 64 64 32 32 20 2 1 2 8 2 16 4 8 2,71333.0000,0.0718,28816.8197
4 2 40 32 16 64 64 16 16 16 2 3 2 8 4 8 2 32 2,72703.5000,0.0666,28872.4106
4 2 8 64 16 64 64 24 24 16 1 2 1 8 2 32 8 32 2,71098.0000,0.0640,28879.1511
4 2 32 96 32 64 64 32 32 8 2 5 2 4 8 16 4 16 2,72063.5000,0.0693,28883.5964
4 2 8 128 32 64 64 8 8 20 1 3 1 8 8 32 2 16 2,74827.0000,0.0663,28933.8745
4 2 8 64 16 64 64 24 24 16 1 2 1 8 2 32 2 32 2,71098.0000,0.0626,28941.4844
4 2 8 64 24 64 64 24 24 16 1 2 1 8 2 32 2 32 2,71098.0000,0.0626,28966.1349
4 2 8 64 16 64 64 16 16 16 1 2 1 8 2 32 4 32 2,71545.5000,0.0612,28972.6172
4 2 8 128 32 64 64 24 24 8 1 1 1 8 2 32 2 32 2,72438.5000,0.0581,28991.9760
4 2 16 130 16 64 64 16 16 16 2 1 2 4 8 16 8 8 2,73076.0000,0.0694,29000.9433
4 2 32 32 16 64 64 24 24 20 2 1 2 2 2 16 2 32 2,77930.0000,0.0653,29100.8277
4 2 40 32 24 64 64 16 16 12 1 1 1 4 8 32 2 16 2,76295.0000,0.0568,29171.9418
4 2 24 130 16 64 64 16 16 16 1 3 1 4 8 16 8 8 2,71982.5000,0.0670,29226.7148
4 2 8 64 16 64 64 24 24 16 1 2 1 8 2 32 4 32 2,71098.0000,0.0630,29235.6477
4 3 24 96 24 64 64 24 24 12 2 4 2 4 2 16 2 32 2,72685.0000,0.0726,35806.1358
4 3 24 96 16 64 64 16 16 16 1 4 1 4 2 32 4 16 2,73371.0000,0.0690,35828.0245
4 3 24 96 24 64 64 32 32 8 1 2 1 2 4 32 2 16 2,73718.5000,0.0648,35838.2296
4 3 24 96 24 64 64 16 16 8 1 2 1 4 2 32 2 32 2,73687.0000,0.0595,35924.7585
4 3 24 96 24 64 64 24 24 8 2 4 2 2 2 32 2 8 2,75514.5000,0.0677,36005.1648
4 3 24 96 24 64 64 8 8 16 1 2 1 4 2 16 2 8 2,75869.5000,0.0626,36029.6103
4 3 24 96 24 64 64 16 16 16 2 4 2 2 4 8 4 8 2,73501.5000,0.0738,36050.1236
4 3 24 96 16 64 64 8 8 12 1 1 1 4 4 8 8 16 2,77806.0000,0.0660,36054.7757
4 3 24 96 32 64 64 32 32 12 1 2 1 4 8 8 4 32 2,71962.5000,0.0708,36144.1293
4 3 24 96 32 64 64 24 24 12 2 5 2 4 2 8 2 32 2,72701.5000,0.0733,36144.3932
4 3 24 96 16 64 64 8 8 16 2 4 2 8 2 8 8 8 2,72914.0000,0.0733,36152.2897
4 3 24 96 24 64 64 32 32 12 2 4 2 8 2 32 4 16 2,69943.5000,0.0834,36198.3156
4 3 24 96 24 64 64 32 32 20 1 2 1 8 8 32 8 32 2,69851.5000,0.0809,36244.8757
4 4 32 128 24 64 64 24 24 20 1 1 1 4 2 16 4 8 2,74516.0000,0.0805,42943.5306
4 4 40 96 24 64 64 8 8 8 2 2 2 2 2 16 8 16 2,77746.0000,0.0650,42990.0160
4 4 16 64 24 64 64 8 8 12 2 1 2 2 2 16 2 8 2,79418.5000,0.0648,43007.1910
4 4 8 128 32 64 64 32 32 8 2 5 2 8 2 32 8 8 2,72173.0000,0.0919,43018.9292
4 4 16 96 32 64 64 16 16 12 1 5 1 2 8 8 8 8 2,73635.0000,0.0822,43025.9162
4 4 32 96 32 64 64 16 16 12 1 3 1 2 8 16 4 8 2,73700.0000,0.0709,43029.5321
4 4 16 64 24 64 64 8 8 12 1 5 1 4 8 32 2 16 2,75704.5000,0.0687,43051.1516
4 4 16 128 32 64 64 16 16 12 2 5 2 2 2 32 4 32 2,75833.5000,0.0771,43058.1988
4 4 32 96 24 64 64 32 32 12 1 1 1 2 8 32 8 32 2,74438.5000,0.0796,43073.8456
4 4 40 96 24 64 64 8 8 8 2 5 2 8 4 32 8 8 2,73320.0000,0.0728,43084.7117
4 4 8 96 24 64 64 24 24 16 2 2 2 2 8 8 4 32 2,74668.5000,0.0817,43097.4565
4 4 32 64 32 64 64 8 8 20 2 3 2 4 8 8 2 32 2,75331.0000,0.0787,43111.1938
4 4 16 64 24 64 64 16 16 12 2 3 2 2 8 8 8 16 2,73752.0000,0.0751,43117.9541
4 4 8 96 24 64 64 8 8 16 2 3 2 2 2 8 4 8 2,79269.0000,0.0732,43134.9912
4 4 40 96 32 64 64 32 32 16 1 1 1 4 8 16 2 16 2,72830.0000,0.0889,43160.2632
4 4 16 128 16 64 64 32 32 8 1 5 1 2 4 32 4 16 2,73795.0000,0.0789,43162.7035
4 4 40 32 16 64 64 24 24 12 1 5 1 2 4 32 8 32 2,76795.5000,0.0726,43184.8504
4 4 40 128 24 64 64 8 8 16 1 1 1 2 4 8 8 8 2,79392.5000,0.0699,43212.4376
4 4 16 64 16 64 64 16 16 20 1 1 1 8 2 8 8 32 2,72757.5000,0.0778,43230.7661
4 4 40 64 16 64 64 32 32 20 1 5 1 8 2 32 2 8 2,70401.0000,0.0979,43267.1849
4 4 16 64 24 64 64 24 24 12 1 1 1 4 2 32 4 16 2,74929.0000,0.0685,43291.5530
4 4 40 64 32 64 64 32 32 12 1 5 1 2 4 32 8 16 2,74065.0000,0.0823,43361.6825
4 4 40 32 16 64 64 24 24 12 2 4 2 4 8 32 4 32 2,74685.0000,0.0772,43389.9256
4 4 24 96 24 64 64 16 16 20 1 4 1 4 8 16 2 8 2,72102.5000,0.0815,43411.5152
4 4 32 96 16 64 64 24 24 8 2 1 2 8 4 16 2 16 2,71365.0000,0.0735,43453.3106
4 4 40 96 24 64 64 24 24 20 2 3 2 4 2 32 4 32 2,72783.0000,0.0865,43456.9774
4 4 24 96 16 64 64 24 24 12 1 3 1 4 4 32 8 32 2,72099.0000,0.0819,43549.4653
4 4 8 128 24 48 48 24 24 20 1 5 1 2 2 8 4 8 2,79977.0000,0.0797,43246.2373
4 1 35 64 24 48 48 24 24 20 1 1 1 8 2 8 8 16 2,78963.0000,0.0560,21167.9968
4 1 16 96 32 48 48 8 8 20 2 4 2 2 4 32 2 16 2,78053.0000,0.0587,21307.5802
4 1 16 32 32 48 48 24 24 12 1 2 1 8 8 16 2 8 2,77757.5000,0.0532,21384.2204
4 1 24 96 32 48 48 8 8 8 2 4 2 2 4 16 2 32 2,77920.5000,0.0553,21423.7206
4 1 40 96 16 48 48 8 8 8 1 2 1 8 2 8 4 8 2,78289.5000,0.0504,21427.8603
4 1 8 64 32 48 48 24 24 12 1 3 1 4 8 32 2 16 2,79754.5000,0.0538,21496.3671
4 1 16 96 32 48 48 8 8 8 1 1 1 2 4 8 2 32 2,83933.0000,0.0488,21508.8222
4 1 16 128 32 48 48 8 8 8 1 1 1 4 8 8 2 32 2,82678.5000,0.0522,21543.6281
4 1 8 96 16 48 48 32 32 12 1 2 1 4 4 32 2 8 2,79666.0000,0.0545,21591.8720
4 1 35 32 24 48 48 8 8 12 1 2 1 2 8 32 4 8 2,80791.5000,0.0500,21594.9256
4 1 40 130 16 48 48 8 8 8 2 1 2 2 8 8 8 32 2,83924.0000,0.0572,21604.7487
4 1 24 32 16 48 48 8 8 8 1 5 1 2 8 8 4 8 2,80398.5000,0.0508,21623.5130
4 1 32 130 32 48 48 8 8 20 1 1 1 2 8 8 2 32 2,84103.0000,0.0546,21629.8592
4 1 40 96 32 48 48 32 32 16 2 4 2 2 8 32 2 8 2,79980.0000,0.0656,21634.7128
4 1 32 130 24 48 48 32 32 12 2 4 2 8 4 16 2 8 2,76141.0000,0.0662,21655.8363
4 1 8 128 32 48 48 24 24 16 2 4 2 2 8 32 2 8 2,80225.0000,0.0645,21663.6108
4 1 35 64 16 48 48 24 24 12 2 3 2 4 8 16 8 16 2,80065.5000,0.0614,21674.9296
4 1 8 130 24 48 48 16 16 8 1 2 1 4 2 16 2 16 2,78762.0000,0.0511,21675.0680
4 1 8 96 32 48 48 8 8 20 1 2 1 4 4 16 2 32 2,79701.5000,0.0518,21675.9433
4 1 24 32 16 48 48 24 24 12 2 4 2 4 2 16 2 16 2,79337.5000,0.0577,21684.8080
4 1 16 128 16 48 48 8 8 12 1 5 1 8 2 32 2 16 2,74563.5000,0.0559,21689.0845
4 1 16 128 24 48 48 24 24 8 1 4 1 2 8 16 2 8 2,81572.0000,0.0559,21694.5097
4 1 35 96 32 48 48 24 24 20 1 3 1 2 8 8 2 32 2,79803.5000,0.0572,21696.4057
4 1 16 32 32 48 48 32 32 12 1 2 1 2 2 32 2 32 2,79659.5000,0.0513,21700.8300
4 1 24 96 32 48 48 32 32 16 2 4 2 8 2 16 2 16 2,75410.0000,0.0660,21709.9331
4 1 16 32 32 48 48 8 8 8 2 1 2 2 2 8 2 8 2,83556.0000,0.0492,21731.8011
4 1 40 96 24 48 48 24 24 12 1 3 1 8 8 8 8 16 2,76464.0000,0.0590,21832.7506
4 1 16 128 24 48 48 8 8 8 1 1 1 2 8 16 2 32 2,83948.5000,0.0514,21835.5038
4 1 32 32 16 48 48 24 24 12 2 4 2 4 2 8 2 32 2,79337.5000,0.0581,21865.7821
4 1 8 130 24 48 48 8 8 8 2 3 2 2 2 32 2 8 2,77444.0000,0.0544,21869.6872
4 1 32 130 24 48 48 24 24 8 1 5 1 2 4 16 8 16 2,81706.5000,0.0583,21917.5675
4 2 32 32 32 48 48 16 16 16 2 4 2 2 2 32 2 8 2,77100.0000,0.0625,28394.2238
4 2 32 64 24 48 48 24 24 12 1 1 1 4 4 32 8 32 2,76510.5000,0.0580,28532.6909
4 2 32 130 32 48 48 8 8 8 1 4 1 2 8 8 4 8 2,79323.5000,0.0574,28556.0001
4 2 16 32 24 48 48 16 16 16 1 2 1 2 2 16 8 8 2,78601.0000,0.0566,28562.5264
4 2 16 128 32 48 48 16 16 20 2 4 2 4 4 8 2 32 2,74819.0000,0.0699,28584.8994
4 2 16 32 32 48 48 16 16 16 2 1 2 4 4 16 4 8 2,76748.5000,0.0600,28590.2868
4 2 16 128 16 48 48 16 16 12 1 5 1 4 8 32 2 16 2,75480.0000,0.0627,28603.1896
4 2 8 128 32 48 48 24 24 8 1 1 1 8 4 32 2 32 2,74391.0000,0.0568,28625.0799
4 2 40 128 24 48 48 16 16 20 1 3 1 4 8 16 8 32 2,75698.5000,0.0675,28626.0801
4 2 16 32 16 48 48 8 8 16 1 3 1 4 2 16 8 32 2,77464.0000,0.0565,28631.9424
4 2 40 64 32 48 48 8 8 16 2 3 2 4 2 32 8 32 2,76520.5000,0.0638,28634.1236
4 2 8 32 24 48 48 8 8 20 2 3 2 2 8 16 8 8 2,79424.5000,0.0645,28638.8669
4 2 16 96 32 48 48 8 8 16 1 3 1 2 8 8 4 8 2,79794.0000,0.0589,28641.0925
4 2 8 130 24 48 48 32 32 16 2 5 2 8 2 32 8 16 2,72895.0000,0.0751,28721.2855
4 2 16 130 32 48 48 32 32 20 1 1 1 4 4 32 2 8 2,76672.5000,0.0643,28784.3357
4 2 24 64 16 48 48 16 16 12 1 5 1 4 4 32 4 16 2,75595.0000,0.0593,28791.7683
4 2 8 32 16 48 48 24 24 8 1 1 1 8 2 32 2 32 2,74504.0000,0.0522,28802.8969
4 2 40 32 32 48 48 16 16 20 1 1 1 2 2 8 4 8 2,78821.0000,0.0576,28822.0307
4 2 40 96 16 48 48 24 24 8 2 4 2 2 4 8 8 32 2,77083.5000,0.0635,28831.5670
4 2 32 128 24 48 48 16 16 12 1 3 1 2 8 8 8 8 2,77373.0000,0.0615,28850.8296
4 2 8 96 16 48 48 32 32 20 1 3 1 8 8 32 2 16 2,73815.5000,0.0675,28858.1400
4 2 24 32 24 48 48 32 32 20 2 5 2 8 8 16 8 8 2,72887.5000,0.0748,28883.1710
4 2 8 96 16 48 48 8 8 20 1 4 1 2 8 16 2 8 2,79235.0000,0.0619,28891.3429
4 2 8 130 16 48 48 8 8 8 1 5 1 8 8 32 2 8 2,74834.5000,0.0593,28910.7560
4 2 24 128 24 48 48 32 32 8 2 4 2 2 4 16 2 16 2,76760.5000,0.0637,28927.0316
4 2 32 32 24 48 48 24 24 20 1 4 1 2 4 8 4 8 2,77477.5000,0.0633,28941.9389
4 2 16 64 24 48 48 24 24 16 1 1 1 2 4 8 2 32 2,78605.5000,0.0571,28942.7557
4 2 16 32 16 48 48 32 32 8 1 3 1 4 8 32 8 32 2,75888.5000,0.0585,28946.7846
4 2 32 128 32 48 48 8 8 8 2 5 2 8 4 8 4 32 2,74426.0000,0.0641,28953.6463
4 2 32 96 24 48 48 24 24 16 1 5 1 8 8 8 8 32 2,73051.0000,0.0687,28957.7395
4 2 32 128 16 48 48 24 24 16 1 5 1 2 8 16 2 32 2,77460.0000,0.0666,28973.4943
4 2 32 64 32 48 48 32 32 12 2 2 2 4 4 8 4 32 2,75233.0000,0.0640,28985.1920
4 2 40 128 24 48 48 16 16 20 1 5 1 4 8 32 8 32 2,75480.0000,0.0754,29027.4691
4 2 8 128 24 48 48 8 8 12 2 5 2 2 4 32 2 32 2,78895.5000,0.0621,29037.1063
4 2 24 130 32 48 48 8 8 16 1 2 1 4 4 8 2 32 2,77871.5000,0.0585,29165.7783
4 2 40 32 32 48 48 8 8 8 1 5 1 8 2 16 8 32 2,74249.0000,0.0560,29216.9388
4 3 24 96 24 48 48 8 8 8 1 2 1 2 4 16 2 16 2,79875.0000,0.0541,35592.7485
4 3 24 96 32 48 48 16 16 8 1 4 1 8 2 8 8 8 2,74610.0000,0.0618,35641.7763
4 3 24 96 16 48 48 24 24 12 2 2 2 2 2 32 8 32 2,78009.0000,0.0673,35677.5465
4 3 24 96 24 48 48 8 8 16 1 4 1 2 2 32 2 8 2,79404.0000,0.0616,35679.9492
4 3 24 96 24 48 48 16 16 20 1 5 1 4 8 16 2 8 2,75744.0000,0.0711,35784.1344
4 3 24 96 24 48 48 16 16 20 2 2 2 4 8 16 4 16 2,76259.5000,0.0730,35830.6235
4 3 24 96 24 48 48 8 8 16 1 4 1 4 8 32 2 16 2,76949.0000,0.0642,35840.8621
4 3 24 96 32 48 48 8 8 8 1 4 1 2 2 16 2 8 2,80660.5000,0.0558,35951.8799
4 3 24 96 16 48 48 16 16 8 1 2 1 4 8 8 8 32 2,76048.0000,0.0601,36021.8288
4 3 24 96 24 48 48 8 8 12 1 2 1 4 2 8 4 8 2,77581.0000,0.0572,36084.3704
4 3 24 96 24 48 48 24 24 20 1 4 1 8 4 32 2 16 2,73691.0000,0.0723,36125.1544
4 3 24 96 24 48 48 24 24 8 2 3 2 2 2 32 4 8 2,77591.5000,0.0645,36134.9625
4 3 24 96 24 48 48 16 16 8 1 2 1 2 4 16 2 32 2,78224.5000,0.0563,36158.1751
4 3 24 96 32 48 48 8 8 8 2 4 2 2 4 8 4 8 2,79582.5000,0.0612,36451.6016
4 4 32 32 32 48 48 24 24 16 2 1 2 8 4 8 2 16 2,75684.0000,0.0745,42833.8506
4 4 24 96 24 48 48 32 32 12 1 1 1 8 8 16 8 32 2,75247.5000,0.0779,42930.5682
4 4 40 64 24 48 48 8 8 12 2 5 2 4 8 32 2 32 2,77317.0000,0.0703,42932.0337
4 4 24 64 32 48 48 8 8 8 1 5 1 2 8 8 8 16 2,78967.5000,0.0635,42958.1059
4 4 16 64 24 48 48 24 24 8 1 1 1 8 4 16 2 32 2,75386.0000,0.0633,42982.9307
4 4 8 32 24 48 48 8 8 8 1 1 1 2 2 8 2 16 2,83918.5000,0.0536,42988.4719
4 4 8 32 16 48 48 8 8 8 1 1 1 2 2 8 2 16 2,83918.5000,0.0537,43019.2057
4 4 8 32 16 48 48 8 8 8 1 1 1 2 2 8 2 32 2,83918.5000,0.0536,43038.9429
4 4 8 32 32 48 48 8 8 8 1 1 1 2 2 8 2 32 2,83918.5000,0.0538,43047.4977
4 4 40 96 32 48 48 24 24 12 2 5 2 8 2 8 4 8 2,73828.5000,0.0783,43048.6452
4 4 24 32 32 48 48 32 32 12 1 1 1 4 2 32 4 32 2,77940.0000,0.0707,43054.8483
4 4 8 32 16 48 48 8 8 8 1 1 1 2 2 16 2 32 2,83918.5000,0.0537,43058.3988
4 4 40 96 24 48 48 24 24 16 1 1 1 2 8 16 4 8 2,79210.5000,0.0715,43079.6075
4 4 24 96 32 48 48 24 24 8 2 1 2 4 8 16 8 32 2,77773.0000,0.0706,43097.0694
4 4 8 64 24 48 48 8 8 20 1 3 1 4 2 16 4 32 2,78937.0000,0.0693,43110.8231
4 4 24 96 16 48 48 32 32 20 2 3 2 4 8 8 4 8 2,75900.0000,0.0964,43128.0897
4 4 24 32 16 48 48 32 32 20 1 3 1 2 2 32 8 8 2,78656.5000,0.0854,43139.2299
4 4 40 64 32 48 48 16 16 8 2 3 2 8 2 16 4 32 2,73694.0000,0.0689,43151.5265
4 4 32 128 32 48 48 8 8 12 2 2 2 2 2 16 4 16 2,79836.0000,0.0655,43155.4807
4 4 8 32 24 48 48 8 8 8 1 1 1 2 2 8 2 32 2,83918.5000,0.0538,43211.5295
4 4 8 64 32 48 48 16 16 8 2 2 2 4 8 32 2 16 2,78291.0000,0.0669,43242.2878
4 4 32 96 32 48 48 24 24 20 2 1 2 4 4 32 2 8 2,77558.5000,0.0794,43249.1940
4 4 8 32 32 48 48 8 8 8 1 1 1 2 2 16 2 32 2,83918.5000,0.0537,43258.3104
4 4 40 32 32 48 48 16 16 12 2 3 2 8 8 8 8 8 2,74140.0000,0.0743,43261.9204
4 4 16 64 24 48 48 24 24 20 1 3 1 2 2 8 8 8 2,78936.5000,0.0749,43312.4782
4 4 8 32 24 48 48 8 8 8 1 1 1 2 2 16 2 32 2,83918.5000,0.0537,43313.4147
4 4 32 64 24 48 48 24 24 8 2 2 2 2 4 8 4 8 2,78414.0000,0.0671,43318.5423
4 4 24 96 16 48 48 8 8 12 1 3 1 4 8 16 4 32 2,77332.5000,0.0698,43340.0648
4 4 24 128 24 48 48 24 24 8 1 4 1 8 2 8 4 8 2,74027.5000,0.0698,43370.8010
4 4 24 64 16 48 48 16 16 20 2 3 2 8 2 8 8 32 2,73887.0000,0.0809,43395.1323
4 4 32 32 24 48 48 16 16 12 1 1 1 4 4 16 2 32 2,78393.0000,0.0617,43501.9528
4 4 32 96 16 48 48 8 8 12 2 3 2 8 2 16 8 8 2,74955.5000,0.0708,43582.7600
8 1 24 128 16 112 112 24 24 20 1 4 1 2 4 8 4 16 4,77066.5000,0.0859,21185.2492
8 1 16 32 16 112 112 32 32 12 1 4 1 2 8 16 4 16 4,78437.0000,0.0771,21261.4404